title,year,watched_year,director
The Shawshank Redemption,1994,2013,Frank Darabont
The Godfather,1972,2013,Francis Ford Coppola
The Godfather: Part II,1974,2013,Francis Ford Coppola
The Dark Knight,2008,2013,Christopher Nolan
12 Angry Men,1957,2013,Sidney Lumet
Schindler's List,1993,2013,Steven Spielberg
The Lord of the Rings: The Return of the King,2003,2013,Peter Jackson
Pulp Fiction,1994,2013,Quentin Tarantino
The Good the Bad and the Ugly,1966,2013,Sergio Leone
Fight Club,1999,2013,David Fincher
The Lord of the Rings: The Fellowship of the Ring,2001,2013,Peter Jackson
Forrest Gump,1994,2013,Robert Zemeckis
Inception,2010,2013,Christopher Nolan
Star Wars: Episode V - The Empire Strikes Back,1980,2013,Irvin Kershner
The Lord of the Rings: The Two Towers,2002,2013,Peter Jackson
The Matrix,1999,2013,Lana Wachowski
Goodfellas,1990,2013,Martin Scorsese
One Flew Over the Cuckoo's Nest,1975,2013,Milos Forman
Seven Samurai,1954,2013,Akira Kurosawa
Se7en,1995,2013,David Fincher
City of God,2002,2013,Fernando Meirelles
Life Is Beautiful,1997,2013,Roberto Benigni
The Silence of the Lambs,1991,2013,Jonathan Demme
It's a Wonderful Life,1946,2013,Frank Capra
Star Wars: Episode IV - A New Hope,1977,2013,George Lucas
Saving Private Ryan,1998,2013,Steven Spielberg
Spirited Away,2001,2013,Hayao Miyazaki
The Green Mile,1999,2013,Frank Darabont
LÃ©on: The Professional,1994,2013,Luc Besson
The Usual Suspects,1995,2013,Bryan Singer
Harakiri,1962,2013,Masaki Kobayashi
The Lion King,1994,2013,Roger Allers
American History X,1998,2013,Tony Kaye
Back to the Future,1985,2013,Robert Zemeckis
The Pianist,2002,2013,Roman Polanski
Terminator 2: Judgment Day,1991,2013,James Cameron
Modern Times,1936,2013,Charles Chaplin
Psycho,1960,2013,Alfred Hitchcock
The Intouchables,2011,2013,Olivier Nakache
Gladiator,2000,2013,Ridley Scott
City Lights,1931,2013,Charles Chaplin
The Departed,2006,2013,Martin Scorsese
Once Upon a Time in the West,1968,2013,Sergio Leone
The Prestige,2006,2013,Christopher Nolan
Casablanca,1942,2013,Michael Curtiz
Grave of the Fireflies,1988,2013,Isao Takahata
Bicho de Sete CabeÃ§as,2000,2013,António de Macedo
Rear Window,1954,2014,Alfred Hitchcock
Cinema Paradiso,1988,2014,Giuseppe Tornatore
Alien,1979,2014,Ridley Scott
The Social Network,2010,2014,David Fincher
Raiders of the Lost Ark,1981,2014,Steven Spielberg
Memento,2000,2014,Christopher Nolan
Apocalypse Now,1979,2014,Francis Ford Coppola
The Great Dictator,1940,2014,Charles Chaplin
The Lives of Others,2006,2014,Florian Henckel von Donnersmarck
Django Unchained,2012,2014,Quentin Tarantino
The Shining,1980,2014,Stanley Kubrick
Paths of Glory,1957,2014,Stanley Kubrick
WALL·E,2008,2014,Andrew Stanton
Sunset Blvd.,1950,2014,Billy Wilder
Princess Mononoke,1997,2014,Hayao Miyazaki
Dr. Strangelove or: How I Learned to Stop Worrying and Love the Bomb,1964,2014,Stanley Kubrick
Oldboy,2003,2014,Chan-wook Park
Witness for the Prosecution,1957,2014,Billy Wilder
The Dark Knight Rises,2012,2014,Christopher Nolan
Once Upon a Time in America,1984,2014,Sergio Leone
Aliens,1986,2014,James Cameron
American Beauty,1999,2014,Sam Mendes
Braveheart,1995,2014,Mel Gibson
Das Boot,1981,2014,Wolfgang Petersen
3 Idiots,2009,2014,Rajkumar Hirani
Star Wars: Episode VI - Return of the Jedi,1983,2014,Richard Marquand
Como Estrelas na Terra,2007,2014,Aamir Khan
Toy Story,1995,2014,John Lasseter
Amadeus,1984,2014,Milos Forman
Reservoir Dogs,1992,2014,Quentin Tarantino
Inglourious Basterds,2009,2014,Quentin Tarantino
Good Will Hunting,1997,2014,Gus Van Sant
M,1931,2014,Fritz Lang
Pi,1998,2014,Darren Aronofsky
The Fountain,2006,2014,Darren Aronofsky
The Wrestler,2009,2014,Darren Aronofsky
Requiem for a Dream,2000,2014,Darren Aronofsky
2001: A Space Odyssey,1968,2014,Stanley Kubrick
Dangal,2016,2014,Nitesh Tiwari
Vertigo,1958,2014,Alfred Hitchcock
Eternal Sunshine of the Spotless Mind,2004,2014,Michel Gondry
Citizen Kane,1941,2014,Orson Welles
The Hunt,2012,2014,Craig Zobel
Full Metal Jacket,1987,2014,Stanley Kubrick
North by Northwest,1959,2014,Alfred Hitchcock
A Clockwork Orange,1971,2014,Stanley Kubrick
Snatch,2000,2014,Guy Ritchie
The Kid,1921,2014,Vincent D'Onofrio
Bicycle Thieves,1948,2014,Vittorio De Sica
Amélie,2001,2015,Jean-Pierre Jeunet
Scarface,1983,2015,Brian De Palma
Singin' in the Rain,1952,2015,Stanley Donen
Taxi Driver,1976,2015,Martin Scorsese
Lawrence of Arabia,1962,2015,David Lean
Toy Story 3,2010,2015,Lee Unkrich
The Sting,1973,2015,George Roy Hill
Marriage Story,2019,2015,Noah Baumbach
Metropolis,1927,2015,Fritz Lang
For a Few Dollars More,1965,2015,Sergio Leone
A Separation,2011,2015,Asghar Farhadi
Ikiru,1952,2015,Akira Kurosawa
Double Indemnity,1944,2015,Billy Wilder
To Kill a Mockingbird,1962,2015,Robert Mulligan
The Apartment,1960,2015,Billy Wilder
Indiana Jones and the Last Crusade,1989,2015,Steven Spielberg
Up,2009,2015,Pete Docter
L.A. Confidential,1997,2015,Curtis Hanson
Monty Python and the Holy Grail,1975,2015,Terry Gilliam
Heat,1995,2015,Michael Mann
Rashomon,1950,2015,Akira Kurosawa
Die Hard,1988,2015,John McTiernan
Batman Begins,2005,2015,Christopher Nolan
Yojimbo,1961,2015,Akira Kurosawa
Unforgiven,1992,2015,Clint Eastwood
Downfall,2004,2015,Oliver Hirschbiegel
Children of Heaven,1997,2015,Majid Majidi
Some Like It Hot,1959,2015,Billy Wilder
Howl's Moving Castle,2004,2015,Hayao Miyazaki
The Great Escape,1963,2015,John Sturges
My Neighbor Totoro,1988,2015,Hayao Miyazaki
A Beautiful Mind,2001,2015,Ron Howard
All About Eve,1950,2015,Joseph L. Mankiewicz
Pan's Labyrinth,2006,2015,Guillermo del Toro
Casino,1995,2015,Martin Scorsese
Raging Bull,1980,2015,Martin Scorsese
The Secret in Their Eyes,2009,2015,Juan José Campanella
Lock Stock and Two Smoking Barrels,1998,2015,Guy Ritchie
The Wolf of Wall Street,2013,2015,Martin Scorsese
The Treasure of the Sierra Madre,1948,2015,John Huston
Chinatown,1974,2015,Roman Polanski
The Gold Rush,1925,2016,Charles Chaplin
There Will Be Blood,2007,2016,Paul Thomas Anderson
V for Vendetta,2005,2016,James McTeigue
Inside Out,2015,2016,Pete Docter
The Seventh Seal,1957,2016,Ingmar Bergman
Warrior,2011,2016,Gavin O'Connor
No Country for Old Men,2007,2016,Ethan Coen
Trainspotting,1996,2016,Danny Boyle
Room,2015,2016,Lenny Abrahamson
The Sixth Sense,1999,2016,M. Night Shyamalan
Shutter Island,2010,2016,Martin Scorsese
The Thing,1982,2016,John Carpenter
The Bridge on the River Kwai,1957,2016,David Lean
Blade Runner,1982,2016,Ridley Scott
On the Waterfront,1954,2016,Elia Kazan
Jurassic Park,1993,2016,Steven Spielberg
Finding Nemo,2003,2016,Andrew Stanton
Fargo,1996,2016,Ethan Coen
Gran Torino,2008,2016,Clint Eastwood
Kill Bill: Vol. 1,2003,2016,Quentin Tarantino
The Deer Hunter,1978,2016,Michael Cimino
The Truman Show,1998,2016,Peter Weir
The Big Lebowski,1998,2016,Joel Coen
In the Name of the Father,1993,2016,Jim Sheridan
Gone Girl,2014,2016,David Fincher
Hacksaw Ridge,2016,2016,Mel Gibson
Mr. Smith Goes to Washington,1939,2016,Frank Capra
How to Train Your Dragon,2010,2016,Dean DeBlois
The Grand Budapest Hotel,2014,2016,Wes Anderson
Persona,1966,2016,Ingmar Bergman
Into the Wild,2007,2016,Sean Penn
12 Years a Slave,2013,2017,Steve McQueen
Network,1976,2017,Sidney Lumet
Monty Python's Life of Brian,1979,2017,Terry Jones
Mad Max: Fury Road,2015,2017,George Miller
Million Dollar Baby,2004,2017,Clint Eastwood
Rush,2013,2017,Ron Howard
Hotel Rwanda,2004,2017,Terry George
Titanic,1997,2017,James Cameron
Star Wars: The Force Awakens,2015,2017,J.J. Abrams
Casa Blanca,1942,2017,Aleksandra Maciuszek
Iron Man,2008,2017,Jon Favreau
Iron Man 2,2010,2017,Jon Favreau
Iron Man 3,2013,2017,Shane Black
The Great Escape,1963,2017,John Sturges
Whiplash,2014,2017,Damien Chazelle
Logan,2017,2018,James Mangold
Spotlight,2015,2018,Tom McCarthy
Butch Cassidy and the Sundance Kid,1969,2018,George Roy Hill
The Terminator,1984,2018,James Cameron
Akira,1988,2018,Katsuhiro Ôtomo
Guardians of the Galaxy,2014,2018,James Gunn
Rocky,1976,2018,John G. Avildsen
Slumdog Millionaire,2008,2018,Danny Boyle
Seven,1995,2018,David Fincher
On the Waterfront,1954,2018,Elia Kazan
Avatar,2009,2018,James Cameron
All About Eve,1950,2018,Joseph L. Mankiewicz
Jurassic Park,1993,2018,Steven Spielberg
Ferris Bueller's Day Off,1986,2018,John Hughes
The Breakfast Club,1985,2018,John Hughes
Jaws,1975,2018,Steven Spielberg
The Wizard of Oz,1939,2018,Victor Fleming
Mad Max 2,1981,2018,George Miller
Dead Poets Society,1989,2019,Peter Weir
Catch Me If You Can,2002,2019,Steven Spielberg
Tempo de Despertar,1990,2019,Penny Marshall
A Estranha Vida de Timothy Green,2012,2019,Peter Hedges
Os Intocáveis,1987,2019,Maurício Farias
O Homem que viu o Infinito,2015,2019,Matt Brown
A Garota Dinamarquesa,2015,2019,Tom Hooper
Lolita,1997,2019,Adrian Lyne
Nada a Esconder,2018,2019,Michael Haneke
O Babadook,2014,2019,Jennifer Kent
Monsters Inc.,2001,2019,Andy Meyers
Little Evil,2017,2019,Eli Craig
O Lagosta,2015,2019,Yorgos Lanthimos
Madagascar 3: Os Procurados,2012,2019,Eric Darnell
Os Pinguins de Madagascar,2014,2019,Eric Darnell
Capitão Fantástico,2016,2019,Guilherme Paganini LaMotta
Doutor Estranho,2016,2019,Scott Derrickson
Homem-Aranha: De Volta ao Lar,2017,2019,Jon Watts
Vingadores: Guerra Infinita,2018,2019,Anthony Russo
Toy Story 4,2019 ,2019,Josh Cooley
The Mist,2007,2019,Frank Darabont
Pet Sematary,2019,2019,Kevin Kölsch
Persona,1966,2019,Ingmar Bergman
Creepshow,1982,2019,George A. Romero
Creepshow 2,1987,2019,Michael Gornick
Blade Runner 2049,2017 ,2019,Denis Villeneuve
Bohemian Rhapsody,2018,2019,Bryan Singer
Cujo,1983,2019,Lewis Teague
Dogtooth,2009,2019,Yorgos Lanthimos
Eraserhead,1977,2019,David Lynch
The Elephant Man,1980 ,2019,David Lynch
Mother!,2017,2019,Darren Aronofsky
Green Book,2018,2019,Peter Farrelly
Three Billboards Outside Ebbing,2019,2019,Martin McDonagh
Missouri,2017 ,2019,Arthur Penn
Avengers: Infinity War,2018,2019,Anthony Russo
Avengers: Endgame,2019,2019,Anthony Russo
Joker,2019 ,2019,Todd Phillips
Carrie,1976,2019,Brian De Palma
El Camino: A Breaking Bad Movie,2019,2019,Vince Gilligan
Dreamcatcher,2003,2019,Lawrence Kasdan
Mizery,1990,2019,Carmen Oquendo-Villar
Rosemary's Baby,1968,2019,Roman Polanski
Howl's Moving Castle,2004,2019,Hayao Miyazaki
Halloween,1978,2019,John Carpenter
Mary and Max,2009 ,2019,Adam Elliot
Klaus,2019,2019,Sergio Pablos
Parasite,2019 ,2019,Bong Joon Ho
Get Out,2017 ,2019,Jordan Peele
Coco,2017,2019,Lee Unkrich
The Witch,2015,2020,Robert Eggers
La Belle Verte,1996,2020,Coline Serreau
Frida,2002,2020,Julie Taymor
Roma,2018,2020,Alfonso Cuarón
1917,2019,2020,Sam Mendes
The Master,2012,2020,Paul Thomas Anderson
Anomalisa,2015,2020,Duke Johnson
The Handmaiden,2016,2020,Chan-wook Park
A Ghost Story,2017,2020,David Lowery
Hell or High Water,2016,2020,David Mackenzie
Harakiri,1962,2020,Masaki Kobayashi
Spider-Man: Into the Spider-Verse,2018,2020,Bob Persichetti
Melancholia,2011,2020,Lars von Trier
Loving Vincent,2017,2020,Dorota Kobiela
Capernaum,2018,2020,Nadine Labaki
Mulan,1998,2020,Niki Caro
Mulan II,2004,2020,Darrell Rooney
Wild Strawberries,1957,2020,Ingmar Bergman
As Good as It Gets,1997,2020,James L. Brooks
Come and See,1985,2020,Elem Klimov
The Lion King II: Simba's Pride,1998,2020,Darrell Rooney
Before Sunrise,1995,2020,Richard Linklater
Travellers and Magicians,2003,2020,Khyentse Norbu
Ran,1985,2020,Akira Kurosawa
Boy and the World,2013,2020,Alê Abreu
Before Sunset,2004,2020,Richard Linklater
Indie Game: The Movie,2012,2020,Lisanne Pajot
The Shape of Water,2017,2020,Guillermo del Toro
My Father and My Son,2005,2020,Çagan Irmak
Gone with the Wind,1939,2020,Victor Fleming
Stalker,1979,2020,Neil Jordan
Memories of Murder,2003,2020,Bong Joon Ho
High and Low,1963,2020,Akira Kurosawa
The Nightmare Before Christmas,1993,2020,Henry Selick
Close encounters of the third kind,1977,2020,Steven Spielberg
Anand,1971,2020,Hrishikesh Mukherjee
Judgment at Nuremberg,1961,2020,Stanley Kramer
Dial M for Murder,1954,2020,Andrew Davis
Ford v Ferrari,2019,2020,James Mangold
Tokyo Story,1953,2020,Yasujirô Ozu
Wild Tales,2014,2020,Damián Szifron
Bacurau,2019,2020,Juliano Dornelles
Monty Python and the Holy Grail,1975,2020,Terry Gilliam
Arrival,2016,2020,Denis Villeneuve
Andhadhun,2018,2020,Sriram Raghavan
The General,1926,2020,Clyde Bruckman
Hamilton,2020,2020,Thomas Kail
Sherlock Jr.,1924,2020,Buster Keaton
To Be or Not to Be,1942,2020,Ernst Lubitsch
Incendies,2010,2020,Denis Villeneuve
Portrait of a Lady on Fire,2019,2020,Céline Sciamma
John Wick,2014,2020,Chad Stahelski
Faroeste Caboclo,2013,2020,René Sampaio
Blue Velvet,1986,2020,David Lynch
Wild at Heart,1990,2020,David Lynch
Lost Highway,1997,2020,David Lynch
Mulholland Drive,2001,2020,David Lynch
Dune,1984,2020,Denis Villeneuve
The Irishman,2019,2020,Martin Scorsese
Blade Runner,1982,2020,Ridley Scott
Lost in Translation,2003,2020,Sofia Coppola
Annie Hall,1977,2020,Woody Allen
Star Wars: The Last Jedi,2017,2020,Rian Johnson
Star Wars: The Rise of Skywalker,2019,2021,J.J. Abrams
Groundhog Day,1993,2021,Harold Ramis
Soul,2020,2021,Pete Docter
Once Upon a Time in Hollywood,2019,2021,Quentin Tarantino
Sound of Metal,2019,2021,Darius Marder
Nomadland,2020,2021,Chloé Zhao
Minari,2020,2021,Lee Isaac Chung
Another Round,2020,2021,Thomas Vinterberg
The Father,2020,2021,Florian Zeller
Judas and the Black Messiah,2021,2021,Shaka King
American Psycho,2000,2021,Mary Harron
Antichrist,2009,2021,Lars von Trier
The SpongeBob Movie: Sponge on the Run,2020,2021,Tim Hill
At Eternity's Gate,2018,2021,Julian Schnabel
Dune,2021,2021,Denis Villeneuve
Mulan,2020,2021,Niki Caro
Midsommar,2019,2021,Ari Aster
Marighella,2019,2021,Wagner Moura
How the Grinch Stole Christmas,2000,2021,Ron Howard
Mr. Bean's Holiday,2007,2021,Steve Bendelack
Me Before You,2016,2021,Thea Sharrock
Abraham,1993,2022,Joseph Sargent
Don't Look Up,2021,2022,Adam McKay
We Need to Talk About Kevin,2011,2022,Lynne Ramsay
The Power of the Dog,2021,2022,Jane Campion
Parallel Mothers,2021,2022,Pedro Almodóvar
Baby Driver,2017,2022,Edgar Wright
Shrek,2001,2022,Andrew Adamson
Shrek 2,2004,2022,Andrew Adamson
Shrek the Third,2007,2022,Chris Miller
Shrek Forever After,2010,2022,Mike Mitchell
The Lost Daughter,2021,2022,Maggie Gyllenhaal
The Lighthouse,2019,2022,Robert Eggers
The Batman,2022,2022,Matt Reeves
Spider-Man: Far From Home,2019,2022,Jon Watts
A Whisker Away,2020,2022,Junichi Sato
Eyes Wide Shut,1999,2022,Stanley Kubrick
Girl Interrupted,1999,2022,James Mangold
Gremlins,1984,2022,Joe Dante
Encanto,2021,2022,Jared Bush
White Chicks,2004,2022,Keenen Ivory Wayans
Frozen,2013,2022,Chris Buck
Frozen II,2019,2022,Chris Buck
Cruella,2021,2022,Craig Gillespie
Blonde,2022,2022,Andrew Dominik
The Northman,2022,2022,Robert Eggers
Guillermo del Toro's Pinocchio,2022,2022,Guillermo del Toro
Spider-Man: No Way Home,2021,2022,Jon Watts
Twelve Monkeys,1996,2023,Terry Gilliam
Everything Everywhere All at Once,2022,2023,Daniel Kwan
The Pursuit of Happyness,2006,2023,Gabriele Muccino
RRR,2022,2023,S. S. Rajamouli
Noah,2014,2023,Darren Aronofsky
Perfume: The Story of a Murderer,2006,2023,Tom Tykwer
Pokémon: Detective Pikachu,2019,2023,Rob Letterman
Moonlight,2016,2023,Barry Jenkins
The Super Mario Bros. Movie,2023,2023,Aaron Horvath
Barbie (2023),2023,2023,Greta Gerwig
Oppenheimer,2023,2023,Christopher Nolan
Cidade de Deus (reprise),2002,2023,Fernando Meirelles
Retratos Fantasmas,2023,2023,Kleber Mendonça Filho
Aquarius,2016,2023,Kleber Mendonça Filho
O Som ao Redor,2012,2024,Kleber Mendonça Filho
Chico - Artista Brasileiro,2015,2024,Miguel Faria Jr.
The Killer,2023,2024,David Fincher
Society of the Snow,2023,2024,J. A. Bayona
Poor Things,2023,2024,Yorgos Lanthimos
Naked Lunch,1991,2024,David Cronenberg
Smile,2022,2024,Parker Finn
The Tree of Life,2011,2024,Terrence Malick
Aftersun,2022,2024,Charlotte Wells
Martyrs,2008,2024,Pascal Laugier
My Dinner with Andre,1981,2024,Louis Malle
Titane,2021,2024,Julia Ducournau
The Piano Teacher,2001,2024,Michael Haneke
Dogs Don't Wear Pants,2019,2024,J.-P. Valkeapää
The Fly,1986,2024,David Cronenberg
Battle Royale,2000,2024,Kinji Fukasaku
Dona Flor e Seus Dois Maridos,1976,2024,Bruno Barreto
Crimes of the Future,2022,2024,David Cronenberg
Furiosa: A Mad Max Saga,2024,2024,George Miller
Central do Brasil,1998,2024,Walter Salles
Alien: Romulus,2024,2024,Fede Álvarez
Joker: Folie à Deux,2024,2024,Todd Phillips
Godzilla Minus One,2023,2024,Takashi Yamazaki
All Quiet on the Western Front,2022,2024,Edward Berger
The Substance,2024,2024,Coralie Fargeat
The Wild Robot,2024,2024,Chris Sanders
The Last of the Mohicans,1992,2024,Michael Mann
Mean Girls,2004,2024,Mark Waters
I'm Still Here,2024,2024,Walter Salles
Marriage Story,2019,2024,Noah Baumbach
The Lord of the Rings: The Fellowship of the Ring,2001,2024,Peter Jackson
Eat Pray Love,2010,2024,Ryan Murphy
My Girl,1991,2025,Howard Zieff
Companion,2025,2025,Drew Hancock
Drive My Car,2021,2025,Ryûsuke Hamaguchi
La Dolce Villa,2025,2025,Mark Waters
Scent of a Woman,1992,2025,Martin Brest
Sult (A Copenhagen Love Story),2025,2025,Ditte Hansen
Carandiru,2003,2025,Héctor Babenco
Larissa: The Other Side of Anitta,2025,2025,Pedro Cantelmo
Close,2022,2025,Lukas Dhont
Red Rocket,2021,2025,Sean Baker
Vitória,2025,2025,Andrucha Waddington
O Céu de Suely,2006,2025,Karim Aïnouz
Casa de Areia,2005,2025,Andrucha Waddington
David Attenborough: A Life on Our Planet,2020,2025,Alastair Fothergil
Lahn Mah (Como Ganhar Milhões Antes que a Avó Morra),2024,2025,Pat Boonnitipat
Saneamento Básico O Filme,2007,2025,Jorge Furtado
Homem com H,2025,2025,Esmir Filho
Meu Nome Não É Johnny,2008,2025,Mauro Lima
Pearl,2022,2025,Ti West
In the Mood for Love,2000,2025,Wong Kar-Wai
Superman,2025,2025,James Gunn
Mr. Malcolm's List,2022,2025,Emma Holly Jones
O Homem Que Copiava,2003,2025,Jorge Furtado
O Pagador de Promessas,1962,2025,Anselmo Duarte
Ó Paí Ó,2007,2025,Monique Gardenberg
Deus e o Diabo na Terra do Sol,1964,2025,Glauber Rocha
Pixote: A Lei do Mais Fraco,1980,2025,Hector Babenco
Capitães da Areia,2011,2025,Cecília Amado
The Mule,2018,2025,Clint Eastwood
E.T. the Extra-Terrestrial,1982,2025,Steven Spielberg
Steve,2025,2025,Tim Mielants